t0,t1,t2,t3,t4,t5,t6,t7,t8,t9,t10,t11,t12,t13,t14,t15,t16,t17,t18,t19,t20,t21,t22,t23,t24,t25,t26,t27,t28,t29,t30,t31,t32,t33,t34,t35,t36,t37,t38,t39,t40,t41,t42,t43,t44,t45,t46,t47,t48,t49,t50,t51,t52,t53,t54,t55,t56,t57,t58,t59,t60,t61,t62,t63,t64,t65,t66,t67,t68,t69,t70,t71,t72,t73,t74,t75,t76,t77,t78,t79,t80,t81,t82,t83,t84,t85,t86,t87,t88,t89,t90,t91,t92,t93,t94,t95,t96,t97,t98,t99
original,david,family,game,new,bad,american,summer,effects,comedy,engaging,happy,hero,book,isn,art,comedy,self,dark,life,john,music,scott,way,make,bad,beautiful,performance,better,black,mystery,director,plot,isn,best,help,year,tale,doesn,trip,women,drama,things,action,men,love,time,don,young,age,drama,horror,director,world,cast,feel,political,magic,history,fi,time,williams,let,actors,war,man,little,blue,ultimately,long,novel,great,old,good,cage,case,fun,zero,thriller,little,don,real,kids,hard,days,character,style,violence,high,ve,city,place,documentary,watching,big,right,characters,god,good,stars
series,road,ups,feel,york,premise,rich,entertaining,special,romantic,frank,look,narrative,comic,james,work,funny,killer,slow,human,visual,musical,wrong,food,turns,little,work,role,mr,day,tom,writer,perfect,thing,year,drama,title,white,heart,need,expect,performances,making,scenes,work,romance,allen,good,girl,coming,period,genre,grace,america,fine,time,powerful,make,years,sci,doesn,alive,wild,characters,ii,tell,works,indie,kind,takes,night,star,debut,pretty,joe,true,entertaining,feels,plot,watch,wonder,come,animated,power,doesn,woman,piece,sense,school,seen,way,safe,subject,people,screen,gets,home,faith,away,star
sequel,feel,audience,movies,filmmaker,dialogue,real,delivers,kind,funny,title,make,self,green,late,artist,laughs,interesting,way,tale,epic,rock,40,hard,bit,character,cinematic,character,good,sports,turns,obvious,doesn,sex,movies,race,director,fairy,time,machine,don,son,doesn,fun,moments,french,years,time,child,feels,dramatic,house,hour,stuff,script,inside,moral,movies,historical,earth,ll,short,feels,cast,bay,life,knows,twilight,works,end,version,band,feature,act,good,point,arts,trilogy,crime,time,end,moment,children,live,ride,performance,beauty,new,far,low,kind,park,fascinating,cross,doesn,good,lives,based,great,movies
franchise,land,emotional,video,portrait,little,dream,enjoy,spectacle,sweet,right,takes,hill,looks,plot,camera,jokes,away,shot,death,make,pop,attempt,goes,hours,barely,beauty,actor,old,care,terrific,narrative,dialogue,new,films,approach,lost,hand,better,worth,does,melodrama,picture,fast,job,romantic,new,best,adult,girls,soap,scary,future,eye,despite,end,personal,way,events,movies,say,feels,times,paul,long,years,way,characters,best,little,adaptation,tale,good,make,left,based,plot,peter,suspense,way,dirty,style,animation,robert,audience,study,drawn,simply,kill,key,sound,simple,footage,dramatic,stupid,self,moments,message,way,things
new,sort,grown,watching,life,concept,sense,point,great,charming,moore,goes,past,visual,water,portrait,humor,characters,shadows,portrait,great,song,minutes,look,lee,dull,images,star,pretty,feels,ends,storytelling,old,british,work,aren,minutes,contemporary,eyes,feel,mother,father,narrative,sequences,stand,real,movies,feel,boy,teen,opera,scares,early,experience,free,films,tragedy,come,century,fiction,idea,director,million,script,make,past,pleasure,little,master,set,red,person,time,jack,nicolas,question,sparks,satisfying,violence,project,make,wind,parents,way,kevin,quiet,heart,country,lives,budget,room,expectations,doc,johnson,characters,humor,stories,production,occasionally,acting
hit,gives,sense,play,moments,lot,shot,rush,time,couple,world,ending,feeling,superhero,match,tribute,laugh,look,filmmaker,true,director,fans,plays,easy,feels,good,experience,career,dog,parts,familiar,points,half,smart,michael,earnest,great,gorgeous,probably,reality,female,emotional,films,high,feels,passion,woody,make,number,teenage,compelling,dead,double,western,written,times,truth,surprising,important,science,feels,falls,little,play,drug,guy,class,make,deep,said,classic,told,fashioned,day,seeking,energy,watch,skin,tension,actually,endless,sentimental,disney,stone,thought,director,scenes,social,gets,wish,pleasures,watch,portrait,dead,say,heart,narrative,christian,lie,best
fun,brings,times,zombie,youth,despite,poor,action,visually,rom,small,material,deep,fun,look,rare,joke,state,little,moving,experience,songs,ends,cinematic,heart,jason,cinema,biopic,time,takes,entertaining,offers,far,gets,good,feels,picture,characters,world,real,think,deeply,worth,hard,way,making,strange,got,point,rare,intriguing,gore,past,ve,trying,want,questions,energy,stirring,space,half,eyed,minutes,acting,piece,human,voice,tries,audience,lies,better,play,shame,certainly,hell,make,set,grand,genre,idea,long,filmmaking,family,leaves,20,need,character,modern,bit,lot,want,shows,look,worth,quality,sense,scenes,dance,bit,hollywood
fans,far,force,won,cultural,seriously,director,non,cgi,warm,things,free,screenplay,amazing,time,painting,comic,despite,master,nature,material,era,leaves,lot,audience,sense,journey,script,hollywood,title,gone,shallow,predictable,stage,kind,scenes,instead,mirror,secret,likely,know,moving,life,sense,little,surface,love,audience,teen,boys,elements,witch,try,score,english,emotional,politics,chance,figure,ideas,offer,moments,ways,leave,drugs,great,played,directed,little,way,material,fans,making,generic,humor,issue,martial,adventure,violent,gives,escape,feel,adults,believe,goes,complex,way,offers,kind,doesn,cinema,cinematic,interviews,air,smart,wants,jones,far,second,trying
predecessor,way,holiday,genre,films,feel,despite,winter,impressive,com,head,details,control,marvel,looking,intimate,bad,got,rises,intimate,13,soul,3d,interesting,ambitious,minutes,seen,better,needs,team,cold,wants,note,exactly,director,life,higher,brave,light,gun,guys,affecting,work,fight,realism,simple,midnight,honest,fantasy,familiar,historical,don,ll,worth,fails,world,conflict,didn,impossible,epic,running,12,cars,make,focus,bond,modern,problem,lack,come,remake,director,working,say,pace,justice,hong,sense,twists,getting,left,acting,feature,time,takes,end,taking,class,takes,care,plays,lot,offers,far,come,50,fact,values,better,disaster
installment,turn,doesn,rise,presents,ludicrous,finds,chase,planet,indie,true,face,filmmakers,lots,called,insight,moments,including,start,triumph,ve,singer,won,experience,remains,mess,vision,hero,thanks,small,fully,inevitable,mash,minutes,acting,subject,hope,half,look,come,especially,emotionally,missing,car,seriously,emotional,paris,director,feel,sexual,characters,ones,design,viewers,moments,worthy,israeli,isn,storytelling,mind,occasionally,group,west,bad,battle,think,close,picture,clear,things,dialogue,fan,directorial,director,drive,job,enjoyable,production,noir,welcome,mind,lucky,visuals,strong,paced,face,proves,touch,personal,premise,right,way,talking,written,self,best,performances,religious,things,bit
street,ultimately,cast,stands,doesn,worst,life,end,isn,romance,poignant,mr,say,performances,films,material,gags,kind,conventional,portrayal,doesn,time,sort,walk,watch,completely,patience,performances,use,inspirational,directors,individual,logic,latest,solid,gets,world,message,leave,middle,awkward,family,scenes,formula,special,lives,generation,intentions,wave,earnest,shot,footage,way,shows,little,tribute,oscar,ll,deserves,adventure,fairly,tv,said,dialogue,problem,long,heart,films,wanted,hope,original,don,stay,instead,energy,lot,sense,films,keeps,cat,bit,hollywood,young,real,work,compelling,hour,china,good,feels,entertaining,fine,stories,sister,genuine,lacks,matter,moves,times,people
second,small,comic,theater,style,strong,time,exciting,digital,chemistry,natural,performances,length,wit,offers,enigmatic,sex,getting,ups,african,light,engaging,character,lady,sea,delivers,human,finally,gets,sit,thrill,black,monsters,better,old,turn,audiences,sets,recent,stuck,friendship,strong,kind,guy,rare,lovers,sure,trouble,heroine,adolescence,piece,movies,attention,light,ensemble,doesn,perspective,moving,pride,gravity,fantasy,ending,guy,particularly,michael,potential,minutes,despite,fans,playing,source,trek,school,giant,genre,easily,audiences,worst,satisfying,rousing,stories,tv,studio,proves,death,want,best,set,moving,talent,minutes,just,compelling,climax,burns,surprise,roles,better,intense,director
sequels,scene,christmas,fans,created,exercise,soul,season,earth,smart,moves,waiting,surprisingly,doing,want,artistic,good,exactly,atmosphere,away,dialogue,thoroughly,succeeds,journey,storytelling,truly,lyrical,gives,surely,labor,slightly,heavy,tone,close,seen,old,thought,left,think,material,moments,powerful,nostalgia,flick,just,relationship,crazy,turn,close,performances,acted,haunted,quietly,usual,make,clear,simply,real,lesson,chronicle,hero,watch,isn,doesn,drama,times,entirely,viewer,work,watching,lights,deal,act,throw,run,wall,entertainment,directed,psychological,talent,short,bland,adventure,focus,generally,thoughtful,gets,shot,instead,emotional,interesting,point,documentaries,way,let,scene,keeps,dancing,turned,crowd
tv,odd,say,classic,shows,boring,turns,right,ryan,sharp,finds,feeling,hand,nearly,feels,half,hilarious,tea,half,living,actors,celebration,involved,pleasant,routine,brain,mind,reason,did,drama,feels,rich,pitch,short,hope,piece,unexpected,tales,dark,happens,sitcom,moment,given,battle,tough,acted,films,pieces,real,title,identity,devil,gives,lush,final,bag,gripping,10,masterpiece,audience,plays,clear,die,ve,power,matters,lived,fear,filmmaking,engaging,long,self,assured,basically,bad,crime,level,games,revenge,collection,effort,brings,sweet,stop,level,beautifully,filmmakers,audiences,soul,triumph,truly,hope,fashion,decent,away,say,help,gets,simple,writing
jump,little,pretty,bodies,mike,silly,case,set,minute,touching,hard,hollywood,engrossing,character,beneath,creative,amusing,hell,momentum,man,year,credit,end,doubt,life,hard,wonder,fun,subject,second,knowing,including,cliches,entire,way,heavy,way,isn,different,culture,doesn,love,says,ridiculous,human,good,eyes,think,instead,tale,performances,blood,silence,exactly,thinking,directors,involving,magical,far,script,seriously,social,doesn,look,fury,spy,credible,fun,sense,filled,end,sense,occasional,looks,little,argument,don,decade,thrillers,stage,humor,brought,stop,light,straight,make,kind,cheap,wants,weight,point,won,archival,absorbing,things,lead,aesthetic,surprisingly,largely,storm
half,character,make,don,look,sort,change,director,cinema,wit,looks,strong,aware,different,spectacular,technique,loud,jim,style,compelling,things,sound,goes,theater,taken,means,exploration,little,minded,mark,tone,slow,head,shock,yes,obvious,promise,effect,rest,times,couple,performance,imagination,cliches,think,given,slightly,set,work,female,era,evil,feature,kind,heartfelt,welcome,heart,taste,feel,style,real,true,ultimately,formulaic,happened,details,movies,filmmakers,clash,appeal,work,need,fairly,actor,change,outrage,legend,delivers,script,course,wars,built,bear,likely,sure,grief,lost,commentary,predictable,effective,happens,america,heads,eye,star,delivers,christopher,best,style,set
maybe,make,handed,eye,self,nice,hard,holds,directed,satire,left,possible,manages,based,punch,biography,adam,second,funny,fascinating,emotional,narrative,right,company,trying,mediocre,imagery,guy,satisfying,edge,mix,run,lot,far,smart,baby,feels,set,appears,better,fall,turn,ways,punch,maybe,scenes,face,violence,woman,time,melodrama,gruesome,filmmaker,uneven,easily,new,filmmaking,attention,struggle,ends,probably,filmmaker,credit,material,hell,just,wrong,starts,gives,want,instead,best,greatest,loud,ask,intelligent,kong,matter,tense,conversation,half,fresh,fun,audience,maybe,parable,product,thanks,appeal,sense,built,short,public,look,sense,needs,simply,tedious,forget,pleaser
best,middle,warm,cool,soul,cliches,need,shows,new,charm,endearing,understand,appeal,sure,soon,process,silly,trying,darkness,matter,sequences,singing,form,porn,paced,energy,visuals,particularly,doing,points,right,create,originality,viewers,hollywood,genuine,light,wonderful,plays,seeing,laughs,nuanced,meets,entertainment,times,daughter,excellent,plays,end,adolescent,setting,supernatural,fascinating,scene,let,hip,viewers,entirely,human,running,holes,captures,hours,broken,audience,appealing,pretty,script,end,players,scenes,brothers,wants,feels,dumb,thoughtful,pleasure,camera,twist,case,word,felt,filmmakers,alas,aging,loss,demonstrates,feels,point,way,finds,sick,interesting,films,movies,audience,moment,shots,gives,sadly
expect,writer,heavy,games,particularly,ideas,true,clear,technology,friends,lack,ability,darker,mix,ambitious,genius,clever,tone,lost,spirit,used,sing,takes,familiar,parts,hand,utterly,control,vivid,occasionally,minutes,wonderfully,felt,especially,end,dialogue,journey,cautionary,doing,minor,forced,redemption,want,mayhem,don,writer,present,hell,screenwriter,early,effect,clever,played,thrilling,plotting,brief,filmmaker,feeling,dull,humanity,set,far,live,compelling,hours,parts,moving,zone,hard,wouldn,tv,direction,scene,strange,watching,single,star,design,cold,entertainment,opening,sheer,visual,sell,probably,drama,depth,human,formula,boy,knows,central,inspiring,tv,kept,human,director,clearly,open,wants
fresh,wish,lived,suggests,feeling,lines,central,emotional,tone,premise,ll,loses,successful,given,course,abstract,lot,wrong,closer,circumstances,nearly,musicians,feel,table,obvious,trying,profound,chance,look,movies,cinematic,watchable,monster,cheesy,impossible,suffers,tone,taken,talk,style,tries,wrenching,1970s,time,existential,ways,performance,formulaic,cliches,engrossing,affair,activity,follow,close,turns,plenty,answers,studio,serves,alien,stuff,term,perfect,chemistry,intense,world,lesson,lot,fiction,air,lot,questions,yes,screenwriters,angry,treatment,remember,usual,brutal,emotion,especially,ve,charming,late,cop,emotions,standard,little,missing,winds,making,nature,riveting,start,elements,make,bring,figure,fat,bad
did,dramatic,expected,hollywood,extremely,hollywood,worth,movies,entertainment,comedies,tension,true,company,sets,half,master,likable,perfect,remarkable,inspiring,beat,hits,gone,work,left,line,visual,familiar,screen,begin,watchable,sure,right,lives,probably,rarely,films,true,incredible,hollywood,unfortunately,emotions,memory,works,long,maybe,possible,effort,lot,ms,feature,scream,energy,single,impact,dazzling,situation,moments,handsome,exercise,simply,life,modern,cliched,human,shows,matter,breaking,fall,cinema,book,line,boy,fast,plays,needs,size,thoroughly,final,reach,narrative,years,charm,run,middle,melancholy,wonderful,surprising,life,far,times,feel,remarkable,easy,gives,look,saying,face,instead,uses
box,knows,warmth,seeing,bright,plot,plenty,level,imagination,crazy,sea,sad,emerges,seriously,different,intimacy,fun,attempts,boys,heartbreaking,drama,numbers,fair,watching,wouldn,plot,dreamy,lead,smart,doing,camera,despite,leaves,looking,depiction,screen,intelligence,japanese,moments,looking,male,portrait,make,stars,audience,color,surprising,yes,think,sensitive,nicely,lot,closing,push,detective,weird,extraordinary,looks,rights,difficult,protagonist,title,perfectly,come,attention,late,help,making,sensitive,tell,play,plays,crafted,approach,kick,think,fighting,audience,nasty,feels,page,viewers,entertainment,successful,cliches,quietly,begins,gray,ve,equal,new,interesting,account,takes,just,follow,say,seen,answer,means
slightly,refreshing,storytelling,minute,cinema,existence,theater,leave,feel,cute,sight,spend,start,word,provides,lets,comedies,able,quietly,far,overlong,folk,starring,colorful,worse,hardly,result,stuff,seemingly,impact,offers,process,times,image,think,entertainment,ground,honest,need,impressive,enjoyable,uplift,keeps,violent,seeing,lovely,lovely,watch,based,growing,air,creepy,driven,moving,sitcom,apart,haunting,return,inspiring,conceit,written,liberal,previous,solid,called,despite,appeal,affair,impact,quiet,screen,eventually,different,brilliant,inspired,lack,piece,minute,gritty,seductive,making,worth,motion,things,entertaining,truly,daring,point,appears,emotion,clearly,want,history,hours,thing,year,delicate,directed,drama,matt
final,acted,pain,tell,messy,hold,poetry,picture,classic,characters,walking,wonderfully,humor,having,recent,way,unfunny,onscreen,close,natural,sink,familiar,solid,tough,end,terrible,spiritual,face,result,spirit,arc,deserves,terms,purpose,embrace,inspirational,30,basic,mean,probably,usually,struggles,actual,john,somewhat,suggest,comedy,really,childhood,director,set,dread,approach,isn,takes,legacy,issues,high,stories,derivative,concept,fascinating,balance,keeps,hold,seeing,genre,begins,flat,look,valentine,certainly,plays,did,justice,indictment,candy,features,procedural,room,clear,blend,inventive,gets,picture,viewers,content,effective,era,particular,strong,line,narration,money,easily,filled,superb,lovely,eager,charm
time,strange,touching,mr,subject,moves,times,pace,spectacular,pleasant,told,lines,unlikely,world,enjoyable,fact,gross,sort,wanted,emotional,scale,talent,dangerous,equivalent,word,single,watching,remarkable,wish,sticks,talented,material,year,jon,pulse,cultural,deeply,spirited,intended,consider,won,heart,satisfying,adrenaline,directed,emotionally,starts,raising,sense,pleasant,impressive,suspense,pacing,pain,premise,especially,east,yes,era,forget,pair,color,opening,completely,eye,pure,viewers,onscreen,screenplay,thought,unnecessary,culture,realistic,direction,capable,raises,cinematic,traditional,mystery,slight,tone,working,cartoon,creating,familiar,convincing,entertaining,gives,friends,scene,winds,dilemma,important,adapted,desperate,physical,seven,simply,problem,70s
cheap,brother,ways,doesn,plenty,dull,happens,brain,emotionally,date,loves,ironic,slowly,heroes,quietly,captivating,raunchy,happen,sound,storytelling,silliness,roll,face,deserves,close,ways,exquisite,richard,claustrophobic,immediately,reveals,moment,writer,life,stars,feel,long,plenty,queen,carnage,making,especially,filmmaking,die,material,lead,beautifully,bigger,dream,natural,sumptuous,ghost,make,play,occasionally,air,best,intelligence,equally,filmmaking,low,glimpse,come,terrific,rarely,turns,stretch,past,did,better,far,uplifting,easy,far,admirable,american,hard,nearly,different,smart,open,hardly,old,tone,movies,rare,depicts,close,level,case,love,addition,news,mild,talented,home,depiction,tradition,tone,point
2011,marvelous,tears,exciting,raw,bones,evocative,blockbuster,especially,leads,getting,close,believable,bring,understand,did,miss,aside,create,open,hour,begin,date,giving,tale,writing,christmas,directed,chance,credit,share,source,believe,served,filmmaker,past,filmmakers,looking,knowing,free,turning,driven,decent,taken,uses,amid,hasn,jonathan,overly,cliches,looking,effective,huge,red,effort,honest,seeing,melancholy,presents,provocative,ideas,deliver,ending,ll,final,depth,places,viewers,subject,pieces,quality,working,resembles,breathing,movies,central,isn,excitement,turns,entirely,pretty,hasn,computer,place,deliver,mesmerizing,sort,result,meaning,thoughtful,away,direction,education,direction,tell,effective,films,product,question,course
think,care,sort,audience,flawed,supposed,worked,different,audiences,witty,precious,won,new,day,world,impossible,comedic,worth,finale,uplifting,mean,60s,supposed,version,depth,worth,passion,result,ultimately,remains,tries,life,despite,able,hear,search,remains,brisk,long,movies,entirely,acted,experience,quickly,having,eyed,wrote,little,family,particular,rich,homage,pace,badly,acted,camera,nazi,kind,battle,actors,living,playing,modest,good,tense,entertaining,connect,filmmaking,handed,tragedy,lifeless,darkness,gift,turns,designed,street,watching,won,uses,big,films,feeling,friendly,michael,final,simple,fantasy,subtle,easy,ultimately,life,exactly,life,sort,way,turns,depth,twist,plays,project
office,humor,manages,lot,vibrant,satire,attempt,perfectly,creatures,gentle,tough,inspired,focus,sensibility,supposed,friend,predictable,nicely,intellectual,carries,bloated,culture,element,pleasing,better,small,pure,physical,youthful,effective,given,playing,genre,lead,don,intriguing,lives,equal,endearing,presented,nice,aims,effective,furious,look,final,enjoyable,consistently,isn,especially,moral,little,major,earlier,worthy,thoroughly,power,version,greater,approach,didn,nature,turn,bit,brilliant,deep,standard,territory,picture,journey,stylish,success,grand,isn,completely,convincing,logic,finale,thrills,authentic,really,electric,clever,entertainment,sense,protagonist,example,brilliant,strong,crass,age,drawn,view,leaving,audience,title,low,step,hard,result
hollywood,feature,nice,looking,great,high,answer,big,members,idea,single,ways,captivating,villains,vivid,exhilarating,laughing,forever,force,ready,cast,notes,say,bit,headed,action,surprisingly,center,caper,modern,provide,aspect,away,talented,used,odds,slowly,strong,animals,people,live,effective,hilarious,goes,right,matter,intended,actor,teens,fun,begins,exercise,shocking,vital,manages,news,understanding,pleasure,complex,parts,production,resulting,joy,place,despite,hard,appreciate,needs,make,fails,pure,fact,pull,tired,words,chilling,emotional,brings,blood,new,sense,seeking,lacks,finally,played,sad,beast,tender,student,happens,loses,middle,movement,influence,lives,beginning,screenplay,directors,hollywood,involving
